Naziv;Šifra;Marka;Jedinica mjere;Cijena za jedinicu mjere;Maloprodajna cijena (EUR);Posebni oblik prodaje;Naziv posebnog oblika prodaje;Najniža cijena u zadnjih 30 dana (EUR);Sidrena cijena (EUR);Datum sidrene cijene;Barkod;Raspoloživost;Cijena gotovina/virman (EUR)
RIX GLINT G2 termovizijska kamera;63403786666314;RIX;kom;;1100,00;NE;;;1100,00;10.09.2026.;;dostupno;990,00
RIX Nano N6 Clip-on;62651561509194;RIX;kom;;2850,00;NE;;;2850,00;10.09.2026.;;dostupno;2565,00
RIX Optics Leap L12R termovizijska kamera;61499599487306;RIX;kom;;6100,00;NE;;;6100,00;10.09.2026.;;dostupno;5490,00
RIX Optics STORM S2 termovizijska kamera;53733285921098;RIX;kom;;950,00;NE;;;950,00;10.09.2026.;;dostupno;855,00
RIX Optics TOURER T20 digitalna kamera;53733332648266;RIX;kom;;750,00;NE;;;750,00;10.09.2026.;;dostupno;675,00
RIX TOURER T50 4K digitalna kamera;63395524608330;RIX;kom;;950,00;NE;;;950,00;10.09.2026.;;dostupno;855,00
Rix DBH 12;63452980871498;RIX;kom;;8400,00;NE;;;8400,00;10.09.2026.;;dostupno;7560,00
Rix GLINT G3 termovizijska kamera;63403867767114;RIX;kom;;1600,00;NE;;;1600,00;10.09.2026.;;dostupno;1440,00
Rix Leap L3 V2 termovizijska kamera;53178312851786;RIX;kom;;2110,00;NE;;;2110,00;10.09.2026.;;dostupno;1899,00
Rix Leap L3R termovizijska kamera;53178380222794;RIX;kom;;2440,00;NE;;;2440,00;10.09.2026.;;dostupno;2196,00
Rix Leap L6R termovizijska kamera;53178407944522;RIX;kom;;3440,00;NE;;;3440,00;10.09.2026.;;dostupno;3096,00
Rix Pocket K2 termovizijska kamera;53160796488010;RIX;kom;;555,00;NE;;;555,00;10.09.2026.;;dostupno;499,50
Rix Pocket K3 termovizijska kamera;53178198065482;RIX;kom;;910,00;NE;;;910,00;10.09.2026.;;nedostupno;819,00
Rix Stride ST3 Lite;61819474280778;RIX;kom;;990,00;NE;;;990,00;10.09.2026.;;dostupno;891,00
Rix Stride ST6 Lite;61819498594634;RIX;kom;;1650,00;NE;;;1650,00;10.09.2026.;;dostupno;1485,00
Rix Titan T3 termovizijska kamera;53178218938698;RIX;kom;;1555,00;NE;;;1555,00;10.09.2026.;;dostupno;1399,50
Rix Titan T6 termovizijska kamera;53178281525578;RIX;kom;;2110,00;NE;;;2110,00;10.09.2026.;;dostupno;1899,00
Senopex DOT A3;46767067496778;Senopex;kom;;3000,00;NE;;;3000,00;10.09.2026.;;dostupno;
Senopex DOT A5;46767101444426;Senopex;kom;;2850,00;NE;;;2850,00;10.09.2026.;;dostupno;
Senopex DOT A5 LRF;46774782361930;Senopex;kom;;3722,22;NE;;;3722,22;10.09.2026.;;dostupno;
Senopex DOT A7;46774793797962;Senopex;kom;;3833,33;NE;;;3833,33;10.09.2026.;;dostupno;
Senopex DOT A7 LRF;46774796714314;Senopex;kom;;4433,33;NE;;;4433,33;10.09.2026.;;dostupno;
Senopex DOT S10;46774811328842;Senopex;kom;;5800,00;NE;;;5800,00;10.09.2026.;;nedostupno;
Senopex DOT S10 LRF;46774812311882;Senopex;kom;;6300,00;NE;;;6300,00;10.09.2026.;;nedostupno;
Senopex DOT S5;46774807003466;Senopex;kom;;4277,77;NE;;;4277,77;10.09.2026.;;dostupno;
Senopex DOT S5 LRF;46774807920970;Senopex;kom;;4833,33;NE;;;4833,33;10.09.2026.;;dostupno;
Senopex DOT S7;46774809297226;Senopex;kom;;5777,78;NE;;;5777,78;10.09.2026.;;dostupno;
Senopex DOT S7 LRF;46774810411338;Senopex;kom;;6333,33;NE;;;6333,33;10.09.2026.;;dostupno;
